Date,Order_ID,Product,Quantity,Unit_Price,Total,Adresse
2019-04-01 10:00,1001,Widget A,10,20.50,205.00,123 Main St, City A
2019-04-01 11:00,1002,Widget B,5,15.00,75.00,456 Elm St, City B
2019-04-02 09:30,1003,Widget C,2,40.00,80.00,789 Maple Ave, City C
2019-04-02 10:15,1004,Widget A,8,20.50,164.00,101 Oak Dr, City A
2019-04-03 14:00,1005,Widget D,1,100.00,100.00,202 Pine Rd, City D
2019-04-04 08:45,1006,Widget B,10,15.00,150.00,303 Cedar St, City B
2019-04-05 12:00,1007,Widget A,3,20.50,61.50,404 Birch Ln, City A
2019-04-06 09:20,1008,Widget C,4,40.00,160.00,505 Spruce St, City C
2019-04-07 15:00,1009,Widget D,6,100.00,600.00,606 Chestnut St, City D
2019-04-08 13:30,1010,Widget B,7,15.00,105.00,707 Walnut Ave, City B
2019-04-09 10:00,1011,Widget A,5,20.50,102.50,808 Fir St, City A
2019-04-10 09:45,1012,Widget C,3,40.00,120.00,909 Redwood Rd, City C
2019-04-11 14:15,1013,Widget D,2,100.00,200.00,1010 Cypress Ln, City D
2019-04-12 08:00,1014,Widget B,8,15.00,120.00,1111 Maple St, City B
2019-04-13 11:00,1015,Widget A,12,20.50,246.00,1212 Oak St, City A
2009-04-14 10:30,1016,Widget C,1,40.00,40.00,1313 Elm St, City C
2019-04-15 09:15,1017,Widget D,9,100.00,900.00,1414 Pine Rd, City D
2019-04-16 12:00,1018,Widget B,4,15.00,60.00,1515 Cedar St, City B
2019-04-17 14:30,1019,Widget A,6,20.50,123.00,1616 Birch Ln, City A
2019-04-18 10:00,1020,Widget C,5,40.00,200.00,1717 Spruce St, City C
2019-04-19 11:45,1021,Widget D,7,100.00,700.00,1818 Chestnut St, City D
2019-04-20 13:15,1022,Widget B,9,15.00,135.00,1919 Walnut Ave, City B
2019-04-21 15:00,1023,Widget A,11,20.50,225.50,2020 Fir St, City A
2019-04-22 10:30,1024,Widget C,3,40.00,120.00,2121 Redwood Rd, City C
2019-04-23 09:00,1025,Widget D,4,100.00,400.00,2222 Cypress Ln, City D
2019-04-24 12:45,1026,Widget B,6,15.00,90.00,2323 Maple St, City B
2019-04-25 11:20,1027,Widget A,8,20.50,164.00,2424 Oak St, City A
2019-04-26 08:10,1028,Widget C,2,40.00,80.00,2525 Elm St, City C
2019-04-27 13:50,1029,Widget D,1,100.00,100.00,2626 Pine Rd, City D
2019-04-28 14:30,1030,Widget B,7,15.00,105.00,2727 Cedar St, City B
2019-04-29 10:00,1031,Widget A,5,20.50,102.50,2828 Birch Ln, City A
2000-04-30 09:00,1032,Widget C,4,40.00,160.00,2929 Example St, City C
